{
  "map50": 0.7742750785150468,
  "map50_95": 0.5062524111935329,
  "per_class": {
    "roof": {
      "map50": 0.7959090909090909,
      "map50_95": 0.5531597402597402
    },
    "bench": {
      "map50": 0.5319161446360495,
      "map50_95": 0.3190974933208586
    },
    "bit": {
      "map50": 0.995,
      "map50_95": 0.6465
    }
  },
  "val_images": 50,
  "val_hand_verified": true,
  "train_images": 112
}