{
  "map50": 0.8252675070028012,
  "map50_95": 0.5614967277820219,
  "per_class": {
    "roof": {
      "map50": 0.7812142857142856,
      "map50_95": 0.5018785714285714
    },
    "bench": {
      "map50": 0.6995882352941177,
      "map50_95": 0.43711161191749437
    },
    "bit": {
      "map50": 0.995,
      "map50_95": 0.7455
    }
  },
  "val_images": 50,
  "val_hand_verified": true,
  "train_images": 113
}